areas	bantry-bay-property-investment	    1962	Bantry Bay Property Investment 2026: The Cliff-Block Levy
areas	blouberg-property-investment	    2024	Blouberg Property Investment 2026: Wind Is the Variable
areas	camps-bay-property-investment	    2257	Camps Bay Property Investment 2026: The Nightly-Let Calendar
areas	claremont-property-investment	    2904	Claremont Property Investment 2026: 6% Gross, 4.2% Net
areas	clifton-property-investment	    2102	Clifton Property Investment 2026: Structure Beats Yield
areas	constantia-property-investment	    1897	Constantia Property Investment 2026: Above the R8m Line
areas	de-waterkant-property-investment	    3410	De Waterkant Property Investment Guide 2026, Yields
areas	durbanville-property-investment	    4497	Durbanville Property Investment 2026: Family Yields
areas	franschhoek-property-investment	    1940	Franschhoek Property Investment 2026: A Holding-Cost Market
areas	fresnaye-property-investment	    2057	Fresnaye Property Investment 2026: Pricing a Thin Market
areas	gardens-property-investment	    1919	Gardens Property Investment 2026: Pricing the Gradient
areas	green-point-property-investment	    1878	Green Point Property Investment 2026: The Hybrid Letting Year
areas	hermanus-property-investment	    1990	Hermanus Property Investment 2026: A Different Municipality
areas	hout-bay-property-investment	    1980	Hout Bay Property Investment 2026: The Valley's Infrastructure
areas	kalk-bay-false-bay-property-investment	    5977	Kalk Bay Property Investment 2026: False Bay Guide
areas	llandudno-property-investment	    3358	Llandudno Property Investment 2026: Ultra-Private Beach
areas	milnerton-property-investment	    1874	Milnerton Property Investment 2026: The Lagoon Question
areas	newlands-property-investment	    1896	Newlands Property Investment 2026: The Wettest Suburb
areas	paarl-property-investment	    1871	Paarl Property Investment 2026: Drakenstein's Own Rules
areas	rondebosch-property-investment	    1870	Rondebosch Property Investment 2026: The Academic Calendar
areas	sea-point-property-investment	    2026	Sea Point Property Investment 2026: Where the By-law Lands
areas	somerset-west-property-investment	    1874	Somerset West Property Investment 2026: Inside the Metro Line
areas	table-view-property-investment	    2823	Table View Property Investment 2026: West Coast Yields
areas	tamboerskloof-property-investment	    1871	Tamboerskloof Property Investment 2026: Slope and Heritage
areas	v-and-a-waterfront-property-investment	    3209	V&A Waterfront Property Investment Guide 2026, Prices
areas	woodstock-property-investment	    1865	Woodstock Property Investment 2026: The Occupancy Certificate
compare	atlantic-seaboard-vs-winelands-investment	    2488	Atlantic Seaboard vs Winelands: Two Ownership Regimes
compare	cape-town-vs-dubai-property-investment	    2322	Cape Town vs Dubai 2026: Currency and the Way Out
compare	cape-town-vs-durban-property-investment	    2067	Cape Town vs Durban 2026: When the Municipality Is the Asset
compare	cape-town-vs-johannesburg-property-investment	    2239	Cape Town vs Johannesburg: Who Sets the Price 2026
compare	cape-town-vs-lisbon-property-investment	    1908	Cape Town vs Lisbon 2026: Operating an Apartment Compared
compare	cape-town-vs-mauritius-property-investment	    2520	Cape Town vs Mauritius 2026: A Market or a Programme
compare	cape-town-vs-portugal-property-investment	    1931	Cape Town vs Portugal 2026: The Full Ownership Tax Stack
compare	cape-town-vs-stellenbosch-property	    1932	Cape Town vs Stellenbosch 2026: Depth Against Concentration
compare	century-city-vs-durbanville-investment	    2147	Century City vs Durbanville 2026: Apartment or House Costs
compare	century-city-vs-sea-point-investment	    2123	Century City vs Sea Point: Who Owns the Street
compare	off-plan-vs-resale-cape-town-investment	    2321	Off-Plan vs Resale Cape Town: Which Unknown You Carry
compare	paarl-vs-stellenbosch-property-investment	    2166	Paarl vs Stellenbosch 2026: One Town Can Still Grow
compare	sea-point-vs-camps-bay-investment	    1994	Sea Point vs Camps Bay 2026: Two Different Businesses
compare	somerset-west-vs-constantia-investment	    1921	Somerset West vs Constantia 2026: The R8 Million Line
compare	western-cape-vs-gauteng-property-investment	    2510	Western Cape vs Gauteng 2026: The Cost of the Move
developers	amdec-property-investments	    2093	Amdec Harbour Arch: Living Inside a Building Site
developers	blok-urban-developers	    2253	Blok Developers: What a Small Scheme Concentrates
developers	devmco-group	    2419	Devmco Group Projects 2026 — Sibaya, Umhlanga & Cape Town
developers	growthpoint-waterfront	    2041	Growthpoint at the V&A: The Counterparty You Can Read
developers	prospekt-property-development	    2169	Prospekt: Buying a Tax Allowance and an Operator
developers	rabie-property-developers	    2318	Rabie Property Group: What a Master Developer Owes You
developers	val-de-vie-estate	    2061	Val de Vie: The Estate Is the Asset, Not the House
guides	airbnb-investment-cape-town-guide	    3508	Cape Town Airbnb Investment 2026: 9-10% Gross, Net Math
guides	airbnb-yields-by-suburb-cape-town	    2995	Airbnb Yields by Suburb in Cape Town: 2026 Data Table
guides	atlantic-seaboard-property-investment-guide	    3011	Atlantic Seaboard Property Investment Guide 2026: Eight Suburbs
guides	best-areas-invest-cape-town-2026	    4427	Best Areas to Invest in Cape Town 2026 (By Buyer Goal)
guides	body-corporate-airbnb-ban-rules	    2862	Can a Body Corporate Ban Airbnb in South Africa? Yes
guides	body-corporate-due-diligence-cape-town	    4506	Body Corporate Due Diligence Cape Town: 2026 Checklist
guides	buy-cape-town-property-foreigner	    4683	Buying Cape Town Property as a Foreigner: No Visa Needed
guides	buy-cape-town-property-remotely	    3662	Buy Cape Town Property Remotely: Complete 2026 Guide
guides	buy-to-let-cape-town-mortgage	    3611	Buy to Let Mortgage Cape Town: 2026 Investor Guide
guides	can-foreigners-buy-property-south-africa	    2926	Can Foreigners Buy Property in South Africa? Yes, 2026
guides	cape-town-city-bowl-property-investment	    2490	Cape Town City Bowl Property Investment: The Altitude Rule
guides	cape-town-digital-nomad-property-guide	    4260	Digital Nomad Cape Town Property: Areas & Rent Guide
guides	cape-town-municipal-valuation-objection-gv	    2894	Cape Town GV2025 Valuation: Your New Rates Bill Explained
guides	cape-town-property-investment-guide	    3368	Cape Town Property Investment Guide 2026 for Foreign Buyers
guides	cape-town-property-market-data-lightstone	    2917	Cape Town Property Market Statistics: Lightstone Guide 2026
guides	cape-town-property-market-forecast-2026-2027	    2961	Will Cape Town Property Prices Rise? 2026-2027 Forecast
guides	cape-town-property-prices-by-suburb-2026	    4089	Cape Town Property Prices by Suburb 2026: R/m² Table
guides	cape-town-property-scams-avoid	    3421	Cape Town Property Scams Foreign Buyers Must Avoid
guides	cape-town-property-under-500k-usd	    3411	Cape Town Property Under $500k USD: 2026 Entry Guide
guides	cape-town-rates-taxes-property	    3690	Cape Town Property Rates 2026: R736/Month on a R2m Flat
guides	cape-town-remote-work-visa-property	    4667	South Africa Remote Work Visa 2026: R650k Rule + Property
guides	cape-town-rental-yield-guide	    4204	Cape Town Rental Yield Guide: Gross vs Net by Suburb
guides	cape-town-semigration-property-guide	    3097	Cape Town Semigration Guide 2026: Where Movers Buy
guides	cape-town-str-bylaw-2026-registration	    2812	Cape Town Short-Term Letting By-law 2026: Who Must Register
guides	cape-town-utilities-costs-owners-2026	    2854	Cape Town Utility Costs 2026/27: What Owners Really Pay
guides	cape-town-vacancy-rates-rental	    2985	Cape Town Rental Vacancy Rates: 2026 Investor Guide
guides	cape-town-water-security-property	    3620	Cape Town Water Security and Property: 2026 Buyer Guide
guides	century-city-property-investment-guide	    3921	Century City Investment 2026 — 7.7% Yield, Corporate Rent
guides	conveyancing-fees-cape-town	    3936	Conveyancing Fees Cape Town 2026: What Transfer Costs
guides	cost-of-buying-property-cape-town	    6084	Cost of Buying Property in Cape Town 2026: Every Fee
guides	cost-of-selling-compliance-certificates	    2911	Cost of Selling a House in Cape Town: Certificates and Fees
guides	does-buying-property-give-residency-south-africa	    3746	Does Buying Property Give Residency in South Africa?
guides	due-diligence-cape-town-property	    4675	Due Diligence on Cape Town Property: 2026 Checklist
guides	eu-citizens-buying-cape-town-property	    2490	EU Citizens Buying in Cape Town: There Is No EU Answer
guides	fica-requirements-foreign-property-buyers	    4629	FICA Requirements for Foreign Property Buyers (2026)
guides	financially-independent-visa-south-africa	    4534	Financially Independent Visa South Africa: R12m Rule
guides	foreigner-property-tax-south-africa-hub	    3773	Foreigner Property Tax South Africa: 2026 Hub Guide
guides	gross-vs-net-yield-cape-town	    3666	Gross vs Net Rental Yield Cape Town: Worked Examples
guides	highest-rental-yield-suburbs-cape-town	    3304	Highest Rental Yield Suburbs in Cape Town (Ranked, 2026)
guides	how-to-buy-property-cape-town-step-by-step	    5104	How to Buy Property in Cape Town: Step-by-Step 2026
guides	is-cape-town-property-good-investment-2026	    3025	Is Cape Town Property a Good Investment? 2026 Data
guides	load-shedding-property-cape-town	    3686	Load-Shedding and Cape Town Property: 2026 Buyer's Guide
guides	long-term-rental-cape-town-guide	    3874	Long-Term Rental Cape Town Investment: A Landlord's Guide
guides	new-developments-cape-town-2026	    3625	New Developments in Cape Town: 2026 Investor Guide
guides	nhbrc-warranty-south-africa-new-build	    3755	NHBRC Warranty South Africa: New-Build Buyer's Guide
guides	non-resident-mortgage-cape-town	    3666	Non-Resident Mortgage South Africa: The 50% Bond Rule
guides	non-resident-rental-income-tax-south-africa	    3467	Non-Resident Rental Tax South Africa: SARS Rates 18-45%
guides	off-plan-property-cape-town-guide	    4547	Off-Plan Property in Cape Town: 2026 Investor Guide
guides	power-of-attorney-property-south-africa	    4136	Power of Attorney South Africa 2026 — Remote Property Buy
guides	property-management-cape-town-cost	    3278	Property Management Cape Town Cost: Fees and Net Yield
guides	property-transfer-timeline-delays	    2898	Property Transfer Timeline in South Africa: 8 to 12 Weeks
guides	repatriating-property-sale-proceeds	    2939	Repatriating Property Sale Proceeds From South Africa
guides	retirement-visa-south-africa-property	    3648	Retired Person Visa South Africa 2026 — R37k/Month Guide
guides	returning-south-african-expat-property	    4384	Returning SA Expat Cape Town Property Guide for 2026
guides	section-35a-withholding-tax-explained	    2846	Section 35A Withholding Tax: The 7.5% Rule on SA Sales
guides	sectional-title-levies-cape-town	    3113	Sectional Title Levies in Cape Town: 2026 Investor Guide
guides	sectional-title-vs-freehold-cape-town	    3690	Sectional Title vs Freehold in Cape Town: 2026 Guide
guides	security-estates-cape-town-foreign-buyers	    3511	Security Estates Cape Town Foreign Buyers Guide 2026
guides	selling-property-south-africa-non-resident	    2883	Selling Property in South Africa as a Non-Resident: 2026
guides	short-term-rental-rules-cape-town	    4009	Cape Town Airbnb Rules 2026: The 4 Layers to Check
guides	snagging-inspection-new-build-cape-town	    3491	Snagging Inspection Cape Town: New-Build Defect Checks
guides	south-africa-capital-gains-tax-property	    3779	South Africa CGT on Property: Rates, Rules and Examples
guides	south-africa-exchange-control-property	    3639	South Africa Exchange Control on Property: 2026 Guide
guides	south-africa-transfer-duty-explained	    3535	South Africa Transfer Duty Explained: 2025 SARS Rates
guides	southern-suburbs-cape-town-property	    3827	Southern Suburbs Cape Town: School-Belt Property 2026
guides	stellenbosch-property-investment-guide	    3668	Stellenbosch Property Investment Guide 2026, Winelands
guides	uk-tax-south-africa-rental-property	    4489	UK Tax South Africa Rental Property: HMRC Guide 2026
news	cape-town-interest-rates-property-2026	    1498	Cape Town Rates Hike May 2026: SARB 7%, Prime 10.5% Impact
news	cape-town-luxury-sales-record-2025	    1410	Cape Town Luxury Sales Hit R11.3bn Record in 2025
news	foreign-buyers-atlantic-seaboard-2025	    1505	Foreign Buyers Drive Atlantic Seaboard Sales in 2025
news	va-waterfront-granger-bay-development	    1868	V&A Waterfront Granger Bay: R24bn Expansion, 27k Jobs
news	western-cape-property-forecast-2026	    1240	Western Cape Property Forecast: 7.4-9.3% Growth in 2026
projects	acacia-house-woodstock	    3324	WEX1 Woodstock: Albert Road Mixed-Use Investor Guide
projects	amdec-hout-bay-project	    2518	La'Mare Hout Bay: Off-Plan Harbour Apartment Guide
projects	azure-camps-bay-beach	    2568	Azure Camps Bay: Horizon Capital Beach Estate Review
projects	camps-bay-infinity	    2172	Infinity Bakoven: Camps Bay Trophy Apartment Guide
projects	chestercourt-redevelopment	    2571	Cape Town CBD Rental Pipeline: Investor Brief 2026
projects	foreshore-place-cape-town	    2377	Foreshore Place Cape Town: CBD Mixed-Use Tower Review
projects	granger-bay-waterfront	    2228	Granger Bay Waterfront: V&A Expansion Investor Brief
projects	green-village-val-de-vie	    2482	Vivante Village Val de Vie: From R4.65m, 95% Sold Review
projects	harbour-arch-amdec-foreshore	    2472	Harbour Arch Cape Town: Amdec Foreshore Tower Review
projects	infinity-milnerton	    2617	Royal Ascot Milnerton: Table Bay Estate Investor Review
projects	makers-landing-waterfront	    2599	Makers Landing V&A 2026 — Food Hub, Not Apartments
projects	nine-palms-century-city	    2242	Nine Palms Century City: Rabie Resale Investor Review
projects	nineons-green-point	    2649	NINEONS Green Point 2026 — Blok Resale & Yield Guide
projects	observatory-green	    2258	Observatory Apartments: Student Hub Investor Guide
projects	on-park-century-city	    2466	On Park Century City: Cape Town Resale Investor Review
projects	onehundredonm-sea-point	    2617	ONEHUNDREDONM Sea Point: Blok Mixed-Use Review 2026
projects	oneonr-de-waterkant	    3381	ONEONR De Waterkant: Blok Apartment Review SA 2026
projects	pearl-valley-nova	    2933	Pearl Valley Val de Vie: Golf Estate Investor Guide
projects	rhapsody-burgundy-estate	    2158	Rhapsody Burgundy Estate: Rabie Northern Suburbs Review
projects	rockwell-tower-cape-town	    2530	Rockwell Tower Cape Town: De Waterkant Mixed-Use Guide
projects	silo-district-residences	    2754	Silo District Residences: V&A Waterfront Investor Review
projects	skywater-century-city	    2453	SkyWater Century City: Cape Town Off-Plan Investor Review
projects	the-charlotte-cape-town	    2982	The Charlotte Cape Town: Prospekt CBD Aparthotel Review
projects	the-ridge-clifton	    2573	The Ridge Clifton: Ultra-Prime Trophy Address Guide 2026
projects	three43onb-sea-point	    2429	THREE43ONB Sea Point: Blok Aparthotel Investor Review
projects	two-oceans-beach	    3081	Two Oceans Beach Blouberg: What Actually Exists There
projects	venice-house-cbd	    2796	Venice House Cape Town: Prospekt CBD Resale Review
projects	zero2one-sea-point	    2858	Zero2One Cape Town: CBD Tower Debunk & Blok Alternatives
segments	cape-town-property-for-uk-retirees	    3509	Cape Town Property for UK Retirees: 2026 Buyer Guide
segments	german-buyers-cape-town-property	    2350	German Buyers in Cape Town: Exemption, Not Credit
segments	uk-buyers-cape-town-property	    2256	UK Buyers in Cape Town: Residence, Not Passport
segments	us-buyers-cape-town-property	    2433	US Buyers in Cape Town: Citizenship Follows You
